{
  "compute_effective_tf_batch": {
    "total_seconds": 0.4137132002506405,
    "count": 14383,
    "avg_seconds": 2.8764040899022492e-05
  },
  "evaluate_candidates": {
    "total_seconds": 592.7199741005606,
    "count": 14383,
    "avg_seconds": 0.041209759723323414
  },
  "simulate_swarm": {
    "total_seconds": 622.4936203001125,
    "count": 500,
    "avg_seconds": 1.2449872406002251
  },
  "time_domain_pso_func": {
    "total_seconds": 590.7421265961893,
    "count": 14383,
    "avg_seconds": 0.041072246860612484
  }
}