{
  "compute_effective_tf_batch": {
    "total_seconds": 0.07722170002489293,
    "count": 2792,
    "avg_seconds": 2.7658202014646464e-05
  },
  "compute_loop_metrics_batch": {
    "total_seconds": 9.197322700031691,
    "count": 2792,
    "avg_seconds": 0.003294170021501322
  },
  "evaluate_candidates": {
    "total_seconds": 106.10400380000192,
    "count": 2792,
    "avg_seconds": 0.0380028666905451
  },
  "simulate_swarm": {
    "total_seconds": 112.72080809999625,
    "count": 100,
    "avg_seconds": 1.1272080809999625
  },
  "time_domain_pso_func": {
    "total_seconds": 96.14347289997477,
    "count": 2792,
    "avg_seconds": 0.03443534129655257
  }
}