{
  "compute_effective_tf_batch": {
    "total_seconds": 0.5964576023397967,
    "count": 19365,
    "avg_seconds": 3.08008056978981e-05
  },
  "evaluate_candidates": {
    "total_seconds": 820.2807594008627,
    "count": 19365,
    "avg_seconds": 0.04235893412862705
  },
  "simulate_swarm": {
    "total_seconds": 865.3438627997821,
    "count": 500,
    "avg_seconds": 1.730687725599564
  },
  "time_domain_pso_func": {
    "total_seconds": 816.1148127019114,
    "count": 19365,
    "avg_seconds": 0.042143806491190886
  }
}