{
  "compute_effective_tf_batch": {
    "total_seconds": 0.6072693002643064,
    "count": 21619,
    "avg_seconds": 2.808961100255823e-05
  },
  "compute_loop_metrics_batch": {
    "total_seconds": 69.66404280476854,
    "count": 21619,
    "avg_seconds": 0.0032223526899842056
  },
  "evaluate_candidates": {
    "total_seconds": 633.7911593007739,
    "count": 21619,
    "avg_seconds": 0.02931639573064313
  },
  "simulate_swarm": {
    "total_seconds": 693.9298164001375,
    "count": 500,
    "avg_seconds": 1.387859632800275
  },
  "time_domain_pso_func": {
    "total_seconds": 559.9908009015198,
    "count": 21385,
    "avg_seconds": 0.0261861492121356
  }
}