{
  "compute_effective_tf_batch": {
    "total_seconds": 0.0804141999778949,
    "count": 2874,
    "avg_seconds": 2.797988864923274e-05
  },
  "evaluate_candidates": {
    "total_seconds": 117.996191000002,
    "count": 2874,
    "avg_seconds": 0.041056433890049406
  },
  "simulate_swarm": {
    "total_seconds": 123.81188869999733,
    "count": 100,
    "avg_seconds": 1.2381188869999733
  },
  "time_domain_pso_func": {
    "total_seconds": 117.5094774000072,
    "count": 2874,
    "avg_seconds": 0.04088708329854113
  }
}