{
  "compute_effective_tf_batch": {
    "total_seconds": 0.10437580000143498,
    "count": 3836,
    "avg_seconds": 2.7209541189112353e-05
  },
  "evaluate_candidates": {
    "total_seconds": 158.13108149997515,
    "count": 3836,
    "avg_seconds": 0.04122290967152637
  },
  "simulate_swarm": {
    "total_seconds": 167.1870735000066,
    "count": 100,
    "avg_seconds": 1.6718707350000659
  },
  "time_domain_pso_func": {
    "total_seconds": 157.4873432999966,
    "count": 3836,
    "avg_seconds": 0.04105509470802831
  }
}