{
  "compute_effective_tf_batch": {
    "total_seconds": 0.07877920004557382,
    "count": 2782,
    "avg_seconds": 2.831746946282308e-05
  },
  "evaluate_candidates": {
    "total_seconds": 117.51882990003469,
    "count": 2782,
    "avg_seconds": 0.04224257005752505
  },
  "simulate_swarm": {
    "total_seconds": 123.00862830000005,
    "count": 100,
    "avg_seconds": 1.2300862830000006
  },
  "time_domain_pso_func": {
    "total_seconds": 117.01189140002316,
    "count": 2782,
    "avg_seconds": 0.042060349173264976
  }
}