{
  "compute_effective_tf_batch": {
    "total_seconds": 0.021606600006634835,
    "count": 308,
    "avg_seconds": 7.015129872284037e-05
  },
  "compute_loop_metrics_batch": {
    "total_seconds": 2.6544961000017793,
    "count": 308,
    "avg_seconds": 0.008618493831174608
  },
  "evaluate_candidates": {
    "total_seconds": 29.16672469999139,
    "count": 308,
    "avg_seconds": 0.09469715811685517
  },
  "simulate_swarm": {
    "total_seconds": 29.577247300001545,
    "count": 10,
    "avg_seconds": 2.9577247300001543
  },
  "time_domain_pso_func": {
    "total_seconds": 26.26909409999098,
    "count": 308,
    "avg_seconds": 0.08528926655841228
  }
}