{
  "compute_effective_tf_batch": {
    "total_seconds": 0.08707319997938612,
    "count": 2891,
    "avg_seconds": 3.0118713240880706e-05
  },
  "compute_loop_metrics_batch": {
    "total_seconds": 9.731698700040397,
    "count": 2891,
    "avg_seconds": 0.0033662050155795218
  },
  "evaluate_candidates": {
    "total_seconds": 134.00636359998134,
    "count": 2891,
    "avg_seconds": 0.046352944863362625
  },
  "simulate_swarm": {
    "total_seconds": 141.19350439999835,
    "count": 100,
    "avg_seconds": 1.4119350439999834
  },
  "time_domain_pso_func": {
    "total_seconds": 123.24056650000057,
    "count": 2891,
    "avg_seconds": 0.042629044102386916
  }
}